angular_frequency_log_x,cycles_across_observed_span,mean_actual_power,mean_wheel_null_power,actual_to_null_power
1.451112003726099,0.9999999999999999,0.935436604790974,0.7215455330639039,1.2964346142076757
1.4907158328782926,1.0272920553689175,0.9399224532827309,0.7252517711334356,1.2959947023828764
1.5303196620304862,1.054584110737835,0.9440560659706669,0.7289139966962331,1.2951542572231494
1.5699234911826798,1.0818761661067526,0.9478478597953286,0.7325286759529461,1.2939395970571035
1.6095273203348732,1.10916822147567,0.9513105184499077,0.7360916367306686,1.2923805555992023
1.6491311494870668,1.1364602768445875,0.9544587044995156,0.739597985191881,1.29051014687647
1.6887349786392605,1.1637523322135053,0.9573087619925751,0.7430420459450022,1.2883641877561156
1.728338807791454,1.1910443875824228,0.9598784139492829,0.7464173278648044,1.285980882430883
1.7679426369436477,1.2183364429513404,0.9621864590458333,0.7497165174409107,1.2834003742243394
1.8075464660958414,1.245628498320258,0.9642524716855209,0.7529315009404234,1.2806642708947018
1.847150295248035,1.2729205536891754,0.9660965094621969,0.756053416106069,1.277815150201848
1.8867541244002286,1.3002126090580932,0.9677388317819353,0.7590727335245271,1.2748960528308395
1.9263579535524222,1.3275046644270105,0.9691996331199297,0.7619793672016102,1.2719499698257468
1.9659617827046159,1.3547967197959283,0.9704987940571639,0.7647628132828093,1.2690193314855562
2.0055656118568095,1.382088775164846,0.971655652871204,0.76741231527054,1.266145504230879
2.045169441009003,1.4093808305337634,0.9726888000541785,0.7699170535242198,1.2633683013017973
2.0847732701611967,1.4366728859026812,0.9736158977053785,0.7722663562967292,1.2607255123403103
2.1243770993133904,1.4639649412715985,0.9744535253031147,0.7744499290709295,1.2582524560007642
2.163980928465584,1.4912569966405163,0.9752170529076196,0.7764580985220942,1.2559815587780487
2.203584757617777,1.5185490520094336,0.9759205423911557,0.7782820670548123,1.2539419623071235
2.243188586769971,1.545841107378351,0.9765766768401263,0.7799141735534675,1.2521591605273943
2.2827924159221644,1.5731331627472687,0.9771967178337789,0.7813481557500402,1.2506546673751826
2.322396245074358,1.600425218116186,0.9777904898815551,0.7825794094564757,1.2494457151136384
2.3620000742265517,1.6277172734851038,0.9783663909023984,0.7836052398347648,1.248544983069156
2.4016039033787453,1.6550093288540215,0.9789314272599849,0.7844250998880828,1.2479603564440418
2.441207732530939,1.6823013842229388,0.9794912715328704,0.7850408114513789,1.2476947150327033
2.4808115616831325,1.7095934395918566,0.9800503409023262,0.785456764138611,1.2477457520874757
2.520415390835326,1.736885494960774,0.9806118937867685,0.7856800879638833,1.2481058242522827
2.5600192199875194,1.7641775503296915,0.9811781421430569,0.7857207956910692,1.248761834386827
2.599623049139713,1.7914696056986088,0.9817503766936326,0.7855918913757496,1.249695150206254
2.6392268782919066,1.8187616610675266,0.9823291022257546,0.7853094420378063,1.2508815629119399
2.6788307074441002,1.8460537164364441,0.9829141800454747,0.7848926099350447,1.2522912913230482
2.718434536596294,1.8733457718053617,0.9835049746541327,0.7843636434889076,1.253889038353983
2.7580383657484875,1.9006378271742792,0.9841005017479744,0.7837478255330763,1.255634107920651
2.797642194900681,1.927929882543197,0.984699574720181,0.7830733782041585,1.257480591382658
2.8372460240528747,1.9552219379121143,0.9853009469666405,0.7823713244598889,1.2593776333083837
2.8768498532050684,1.982513993281032,0.9859034474590306,0.7816753068831865,1.2612697865436906
2.916453682357262,2.0098060486499496,0.9865061072475686,0.7810213650987422,1.26309746612738
2.9560575115094556,2.037098104018867,0.987108274786854,0.7804476737813937,1.2647975103880529
2.9956613406616492,2.0643901593877847,0.9877097182370344,0.7799942438615142,1.2663038554581942
3.035265169813843,2.0916822147567022,0.9883107131741191,0.7797025901215702,1.267548326368934
3.0748689989660365,2.11897427012562,0.988912114442469,0.7796153689201692,1.2684615438151159
3.11447282811823,2.1462663254945373,0.9895154111940068,0.7797759902664079,1.2689739406517788
3.1540766572704237,2.173558380863455,0.9901227644771503,0.7802282088901616,1.269016876338724
3.1936804864226174,2.200850436232373,0.9907370270585094,0.7810156993063551,1.2685238311322224
3.233284315574811,2.22814249160129,0.991361745476825,0.7821816201475404,1.2674316551823699
3.2728881447270046,2.255434546970208,0.9920011446363979,0.7837681732350369,1.265681841279508
3.3124919738791982,2.282726602339125,0.9926600955416561,0.7858161629714862,1.2632217843267695
3.352095803031392,2.310018657708043,0.993344067051105,0.7883645616654471,1.260005986256703
3.3916996321835855,2.3373107130769606,0.9940590627837362,0.791450086341522,1.2559971625990645
3.431303461335779,2.364602768445878,0.9948115445404957,0.795106792448773,1.2511672067052417
3.4709072904879728,2.3918948238147957,0.9956083438046095,0.7993656896586061,1.2454979700590039
3.5105111196401664,2.4191868791837132,0.9964565630549758,0.8042543846448751,1.2389818222687952
3.55011494879236,2.4464789345526308,0.9973634687645255,0.8097967553689949,1.231621962118215
3.5897187779445536,2.4737709899215483,0.9983363780591253,0.8160126609577368,1.223432461069169
3.6293226070967473,2.501063045290466,0.9993825410814953,0.8229176907685669,1.2144380322509756
3.66892643624894,2.528355100659383,1.0005090211385974,0.8305229556951453,1.2046735304277945
3.7085302654011336,2.5556471560283005,1.0017225747104272,0.8388349241829858,1.1941832008080635
3.7481340945533272,2.582939211397218,1.003029533364064,0.8478553048118214,1.1830197059233862
3.787737923705521,2.610231266766136,1.0044356895507087,0.857580976666941,1.1712429693281334
3.8273417528577145,2.637523322135053,1.0059461881671674,0.8680039680767621,1.1589188818987133
3.866945582009908,2.6648153775039707,1.0075654256392323,0.879111483648481,1.1461179206278171
3.9065494111621017,2.6921074328728882,1.0092969581354123,0.8908859788977481,1.1329137308729098
3.9461532403142954,2.719399488241806,1.0111434203485314,0.903305281151811,1.1193817211598889
3.985757069466489,2.7466915436107238,1.0131064560932026,0.9163427548176561,1.1055977152291683
4.025360898618683,2.773983598979641,1.015186661762583,0.9299675085560335,1.091636699586279
4.064964727770876,2.8012756543485584,1.0173835434718437,0.9441446413967853,1.0775716970301366
4.10456855692307,2.8285677097174764,1.019695488492093,0.9588355243775921,1.063472788155202
4.1441723860752635,2.855859765086394,1.0221197513509077,0.9739981138931387,1.0494062942949893
4.183776215227457,2.8831518204553115,1.0246524547477314,0.9895872926097491,1.0354341273375773
4.223380044379651,2.9104438758242295,1.0272886052078487,1.0055552335355322,1.021613304717138
4.262983873531844,2.9377359311931466,1.0300221231807776,1.021851782640695,1.0079956219472148
4.302587702684038,2.965027986562064,1.0328458870809547,1.038424855298319,0.9946274704530627
4.342191531836232,2.9923200419309817,1.0357517905734206,1.0552208417628448,0.9815497852024043
4.381795360988425,3.0196120972998997,1.0387308122275012,1.0721850169207858,0.968798104650481
4.421399190140619,3.046904152668817,1.0417730964994496,1.0892619496338012,0.9564027246611186
4.4610030192928125,3.0741962080377343,1.0448680448626946,1.1063959071449425,0.9443889281540992
4.500606848445006,3.101488263406652,1.048004415783177,1.1235312502306893,0.9327772730558186
4.5402106775972,3.12878031877557,1.0511704321385238,1.1406128150490737,0.9215839224928384
4.579814506749393,3.1560723741444874,1.0543538946042104,1.1575862779521386,0.9108210028797555
4.619418335901587,3.183364429513405,1.057542299477825,1.1743984998925028,0.9004969774523944
4.659022165053781,3.210656484882322,1.0607229593840724,1.1909978474520733,0.8906170247522271
4.698625994205974,3.23794854025124,1.063883125297872,1.2073344879483339,0.8811834134762159
4.738229823358168,3.2652405956201576,1.0670101083401198,1.2233606565226114,0.8721958668943006
4.7778336525103615,3.292532650989075,1.0700913998393684,1.2390308935773133,0.8636519116563873
4.817437481662555,3.319824706357993,1.0731147882114913,1.2543022513976456,0.8555472072347311
4.857041310814749,3.34711676172691,1.0760684712867947,1.2691344692600042,0.8478758534658816
4.896645139966942,3.3744088170958277,1.0789411628081886,1.28349011678678,0.8406306746711224
4.936248969119135,3.401700872464745,1.0817221919329292,1.297334705748666,0.8338034796569239
4.975852798271329,3.4289929278336624,1.084401594692021,1.3106367709343019,0.8273852975443328
5.015456627423522,3.45628498320258,1.0869701964932912,1.3233679210973053,0.8213665898686748
5.055060456575716,3.4835770385714975,1.0894196848941902,1.3355028613472837,0.8157374397499684
5.09466428572791,3.510869093940415,1.0917426720161596,1.3470193886698136,0.8104877191814287
5.134268114880103,3.5381611493093326,1.093932746121628,1.3578983625370646,0.8056072356385718
5.173871944032297,3.5654532046782506,1.0959845120250833,1.3681236528029124,0.8010858592932809
5.2134757731844905,3.5927452600471677,1.097893620159046,1.3776820672621481,0.7969136321421947
5.253079602336684,3.620037315416085,1.0996567842620164,1.3865632613916852,0.793080860341199
5.292683431488878,3.647329370785003,1.1012717877967324,1.3947596328823675,0.7895781909897105
5.332287260641071,3.6746214261539207,1.102737479341494,1.4022662036136724,0.7863966745399084
5.371891089793265,3.7019134815228383,1.1040537573233815,1.409080491721758,0.7835278139251904
5.411494918945459,3.7292055368917554,1.1052215445784805,1.4152023763660768,0.7809636014153978
5.451098748097652,3.7564975922606734,1.1062427533295798,1.4206339577139941,0.7786965441187149
5.490702577249846,3.783789647629591,1.1071202412652679,1.4253794145399508,0.7767196789653351
5.5303064064020395,3.8110817029985085,1.1078577594852046,1.4294448616795372,0.7750265779286643
5.569910235554233,3.8383737583674264,1.1084598931440484,1.4328382093938654,0.7736113441677138
5.609514064706427,3.8656658137363435,1.1089319956808235,1.4355690264903238,0.7724685997105539
5.64911789385862,3.892957869105261,1.1092801175613223,1.437648408817207,0.7715934652436736
5.688721723010814,3.9202499244741786,1.1095109304885626,1.4390888545066527,0.7709815325259567
5.728325552163008,3.9475419798430966,1.1096316480507082,1.43990414708796,0.7706288299084423
5.767929381315201,3.974834035212014,1.1096499437776368,1.440109247336547,0.7705317814116616
5.807533210467395,4.002126090580931,1.109573867567204,1.4397201944673768,0.7706871597905799
5.8471370396195885,4.029418145949849,1.1094117614209058,1.43875401703016,0.7710920340023972
5.886740868771781,4.056710201318766,1.1091721753970356,1.4372286536213414,0.7717437114841039
5.926344697923975,4.0840022566876835,1.1088637846484608,1.4351628832985899,0.7726396756442303
5.9659485270761685,4.111294312056602,1.1084953083629643,1.4325762653707643,0.7737775189763284
6.005552356228362,4.1385863674255186,1.10807543136769,1.429489088043035,0.7751548722100711
6.045156185380556,4.165878422794436,1.1076127290968194,1.4259223252255389,0.776769329929404
6.084760014532749,4.193170478163354,1.107115596554307,1.421897600666537,0.7786183731060021
6.124363843684943,4.220462533532272,1.10659218183241,1.4174371584489824,0.7806992890205364
6.163967672837137,4.24775458890119,1.1060503246730484,1.4125638387935313,0.7830090890743207
6.20357150198933,4.275046644270106,1.1054975004837335,1.407301058041777,0.7855444250301387
6.243175331141524,4.302338699639024,1.1049407701439673,1.4016727916506162,0.7883015042639046
6.2827791602937175,4.329630755007942,1.1043867358625667,1.395703559011632,0.7912760046586387
6.322382989445911,4.35692281037686,1.1038415032722184,1.3894184089171293,0.7944629898293337
6.361986818598105,4.384214865745777,1.103310649875492,1.3828429045254798,0.79785682543173
6.401590647750298,4.411506921114694,1.1027991998872562,1.376003106731059,0.8014510973795347
6.441194476902492,4.438798976483612,1.1023116054525723,1.3689255549160786,0.8052385328727019
6.480798306054686,4.46609103185253,1.1018517341572125,1.3616372441508116,0.8092109252228813
6.520402135206879,4.4933830872214475,1.1014228626903744,1.3541655980125529,0.8133590635494525
6.560005964359073,4.520675142590365,1.1010276764663103,1.3465384363095407,0.8176726685083702
6.5996097935112665,4.547967197959283,1.1006682749636965,1.338783937121342,0.822140335303363
6.63921362266346,4.5752592533282,1.1003461824987684,1.3309305926991346,0.8267494853110712
6.678817451815654,4.602551308697118,1.1000623641106944,1.3230071589053856,0.831486327723919
6.718421280967847,4.629843364066035,1.0998172462052822,1.3150425980099154,0.8363358326716269
6.758025110120041,4.657135419434953,1.0996107415759222,1.3070660147959985,0.841281717318268
6.797628939272235,4.68442747480387,1.0994422783985118,1.2991065860636324,0.8463064464401533
6.837232768424428,4.711719530172788,1.0993108327798184,1.2911934837453753,0.8513912489637406
6.876836597576622,4.739011585541705,1.0992149644261244,1.2833557919714502,0.8565161518751908
6.9164404267288155,4.766303640910623,1.0991528549907925,1.2756224185334257,0.8616600327975428
6.956044255881009,4.7935956962795405,1.0991223486553336,1.2680220012985257,0.8668006923616236
6.995648085033203,4.820887751648458,1.0991209944983378,1.2605828102182721,0.8719149472679412
7.035251914185396,4.848179807017376,1.0991460902099566,1.2533326456550002,0.8769787446456685
7.07485574333759,4.875471862386293,1.0991947267161606,1.2462987338171827,0.8819672979603617
7.114459572489784,4.902763917755211,1.0992638332864368,1.239507620149096,0.8868552443059691
7.154063401641977,4.930055973124129,1.0993502227106289,1.232985061562128,0.8916168224437442
7.19366723079417,4.957348028493045,1.0994506361449214,1.2267559184238983,0.896226070429287
7.233271059946364,4.984640083861963,1.0995617872432881,1.2208440472377573,0.9006570411111243
7.272874889098557,5.011932139230881,1.0996804052087386,1.215272194949451,0.9048840332058117
7.312478718250751,5.039224194599798,1.0998032764181787,1.2100618958103921,0.9088818350747487
7.3520825474029445,5.066516249968716,1.099927284295408,1.2052333717087,0.9126259777689394
7.391686376555138,5.0938083053376335,1.1000494471284958,1.200805436850716,0.9160929933941113
7.431290205707332,5.121100360706551,1.1001669535502976,1.196795407637845,0.9192606744052717
7.470894034859525,5.148392416075469,1.1002771954240853,1.1932190185371656,0.922108329091986
7.510497864011719,5.175684471444386,1.1003777978999296,1.1900903446901379,0.9246170282865654
7.550101693163913,5.202976526813304,1.1004666464315789,1.1874217319427867,0.9267698382368855
7.589705522316106,5.230268582182221,1.1005419105679095,1.1852237349137515,0.9285520346485431
7.6293093514683,5.25756063755114,1.1006020643576038,1.1835050636444415,0.929951293126242
7.6689131806204935,5.284852692920056,1.1006459032303941,1.1822725392989697,0.930957851632944
7.708517009772687,5.312144748288974,1.1006725572429932,1.18153105930132,0.931564641130855
7.748120838924881,5.339436803657891,1.1006815006026602,1.1812835722140762,0.9317673812560148
